"attachment-medium src","brand__img","brand__title","brand__info","js-open-model href","brand__times","brand__times 2","brand__times 3","brand__times 4","brand__times 5","brand__times 6","brand__times 7","brand__info 2","brand__info href","brand__info 3","brand__info href 2"
"https://www.chathamdockside.co.uk/wp-content/uploads/2023/08/Unknown-300x73.png","<img width=""300"" height=""73"" src=""https://www.chathamdockside.co.uk/wp-content/uploads/2023/08/Unknown-300x73.png"" class=""attachment-medium size-medium wp-post-image"" alt="""" decoding=""async"" srcset=""https://www.chathamdockside.co.uk/wp-content/uploads/2023/08/Unknown-300x73.png 300w, https://www.chathamdockside.co.uk/wp-content/uploads/2023/08/Unknown-1024x250.png 1024w, https://www.chathamdockside.co.uk/wp-content/uploads/2023/08/Unknown-768x188.png 768w, https://www.chathamdockside.co.uk/wp-content/uploads/2023/08/Unknown-575x141.png 575w, https://www.chathamdockside.co.uk/wp-content/uploads/2023/08/Unknown.png 1280w"" sizes=""(max-width: 300px) 100vw, 300px"" />","Ability Plus","10:00 - 18:00 today					()","https://www.chathamdockside.co.uk/stores/#brand__times-62411","Monday: 10:00 - 18:00","Tuesday: 10:00 - 18:00","Wednesday: 10:00 - 18:00","Thursday: 10:00 - 19:00","Friday: 10:00 - 19:00","Saturday: 9:00 - 19:00","Sunday: 11:00 - 17:00","0800 046 1647","tel:0800 046 1647","View website","https://www.ability-plus.co.uk/"
"https://www.chathamdockside.co.uk/wp-content/uploads/2018/12/logo-300x90.gif","<img width=""300"" height=""90"" src=""https://www.chathamdockside.co.uk/wp-content/uploads/2018/12/logo-300x90.gif"" class=""attachment-medium size-medium wp-post-image"" alt="""" decoding=""async"" />","Baggage Factory","10:00 - 18:00 today					()","https://www.chathamdockside.co.uk/stores/#brand__times-286","Monday: 10:00 - 18:00","Tuesday: 10:00 - 18:00","Wednesday: 10:00 - 18:00","Thursday: 10:00 - 19:00","Friday: 10:00 - 19:00","Saturday: 10:00 - 18:00","Sunday: 11:00 - 17:00","01634 892 738","tel:01634 892 738","View website","https://www.baggagefactory.co.uk/"
"https://www.chathamdockside.co.uk/wp-content/uploads/2025/09/bakersbaristas-300x300.webp","<img width=""300"" height=""300"" src=""https://www.chathamdockside.co.uk/wp-content/uploads/2025/09/bakersbaristas-300x300.webp"" class=""attachment-medium size-medium wp-post-image"" alt="""" decoding=""async"" srcset=""https://www.chathamdockside.co.uk/wp-content/uploads/2025/09/bakersbaristas-300x300.webp 300w, https://www.chathamdockside.co.uk/wp-content/uploads/2025/09/bakersbaristas-150x150.webp 150w, https://www.chathamdockside.co.uk/wp-content/uploads/2025/09/bakersbaristas-382x382.webp 382w, https://www.chathamdockside.co.uk/wp-content/uploads/2025/09/bakersbaristas.webp 525w"" sizes=""(max-width: 300px) 100vw, 300px"" />","Bakers + Baristas","08:00 - 18:00 today					()","https://www.chathamdockside.co.uk/stores/#brand__times-102487","Monday: 08:00 - 18:00","Tuesday: 08:00 - 18:00","Wednesday: 08:00 - 18:00","Thursday: 08:00 - 18:00","Friday: 08:00 - 18:00","Saturday: 08:00 - 18:00","Sunday: 08:00 - 18:00","View website","https://www.bakersbaristas.com/","",""
"data:image/svg+xml;base64,PHN2ZyB4bWxucz0iaHR0cDovL3d3dy53My5vcmcvMjAwMC9zdmciIHdpZHRoPSIzMDAiIGhlaWdodD0iMjgzIiB2aWV3Qm94PSIwIDAgMzAwIDI4MyI+PHJlY3Qgd2lkdGg9IjEwMCUiIGhlaWdodD0iMTAwJSIgc3R5bGU9ImZpbGw6I2NmZDRkYjtmaWxsLW9wYWNpdHk6IDAuMTsiLz48L3N2Zz4=","<img width=""300"" height=""283"" src=""https://www.chathamdockside.co.uk/wp-content/uploads/2025/09/Barclays-Logo-scaled-e1757491687862-300x283.jpg"" class=""attachment-medium size-medium wp-post-image"" alt="""" decoding=""async"" srcset=""https://www.chathamdockside.co.uk/wp-content/uploads/2025/09/Barclays-Logo-scaled-e1757491687862-300x283.jpg 300w, https://www.chathamdockside.co.uk/wp-content/uploads/2025/09/Barclays-Logo-scaled-e1757491687862-1024x967.jpg 1024w, https://www.chathamdockside.co.uk/wp-content/uploads/2025/09/Barclays-Logo-scaled-e1757491687862-768x725.jpg 768w, https://www.chathamdockside.co.uk/wp-content/uploads/2025/09/Barclays-Logo-scaled-e1757491687862-575x543.jpg 575w, https://www.chathamdockside.co.uk/wp-content/uploads/2025/09/Barclays-Logo-scaled-e1757491687862.jpg 1053w"" sizes=""(max-width: 300px) 100vw, 300px"" />","Barclays","9.30 - 3Pm today					()","https://www.chathamdockside.co.uk/stores/#brand__times-102477","Monday: 9.30 - 3Pm","Tuesday: 9.30 - 3Pm","Wednesday: 9.30 - 3Pm","Thursday: 9.30 - 3Pm","Friday: 9.30 - 3Pm","Saturday: 9.30 - 1pm Self service counter only","Sunday: Closed","0345 600 2323","tel:0345 600 2323","View website","https://www.barclays.co.uk/"
"data:image/svg+xml;base64,PHN2ZyB4bWxucz0iaHR0cDovL3d3dy53My5vcmcvMjAwMC9zdmciIHdpZHRoPSIyNTAiIGhlaWdodD0iMTQ5IiB2aWV3Qm94PSIwIDAgMjUwIDE0OSI+PHJlY3Qgd2lkdGg9IjEwMCUiIGhlaWdodD0iMTAwJSIgc3R5bGU9ImZpbGw6I2NmZDRkYjtmaWxsLW9wYWNpdHk6IDAuMTsiLz48L3N2Zz4=","<img width=""250"" height=""149"" src=""https://www.chathamdockside.co.uk/wp-content/uploads/2021/07/Untitled-1.png"" class=""attachment-medium size-medium wp-post-image"" alt="""" decoding=""async"" />","beautyoutlet","09:00 - 18:00 today					()","https://www.chathamdockside.co.uk/stores/#brand__times-735","Monday: 09:00 - 18:00","Tuesday: 09:00 - 18:00","Wednesday: 09:00 - 18:00","Thursday: 10:00 - 19:00","Friday: 10:00 - 19:00","Saturday: 09:00 - 18:00","Sunday: 11:00 - 17:00","01634890213","tel:01634890213","View website","https://www.beautyoutlets.co.uk/"
"data:image/svg+xml;base64,PHN2ZyB4bWxucz0iaHR0cDovL3d3dy53My5vcmcvMjAwMC9zdmciIHdpZHRoPSIyNzAiIGhlaWdodD0iMzAwIiB2aWV3Qm94PSIwIDAgMjcwIDMwMCI+PHJlY3Qgd2lkdGg9IjEwMCUiIGhlaWdodD0iMTAwJSIgc3R5bGU9ImZpbGw6I2NmZDRkYjtmaWxsLW9wYWNpdHk6IDAuMTsiLz48L3N2Zz4=","<img width=""270"" height=""300"" src=""https://www.chathamdockside.co.uk/wp-content/uploads/2022/06/Asset-1-270x300.jpg"" class=""attachment-medium size-medium wp-post-image"" alt="""" decoding=""async"" srcset=""https://www.chathamdockside.co.uk/wp-content/uploads/2022/06/Asset-1-270x300.jpg 270w, https://www.chathamdockside.co.uk/wp-content/uploads/2022/06/Asset-1-922x1024.jpg 922w, https://www.chathamdockside.co.uk/wp-content/uploads/2022/06/Asset-1-768x853.jpg 768w, https://www.chathamdockside.co.uk/wp-content/uploads/2022/06/Asset-1-575x639.jpg 575w"" sizes=""(max-width: 270px) 100vw, 270px"" />","Bubbleo Tree","10:00 - 20:00 today					()","https://www.chathamdockside.co.uk/stores/#brand__times-22958","Monday: 10:00 - 20:00","Tuesday: 10:00 - 20:00","Wednesday: 10:00 - 20:00","Thursday: 10:00 - 20:00","Friday: 10:00 - 20:00","Saturday: 9:00 - 20:00","Sunday: 11:00 - 17:00","07879 118082","tel:07879 118082","View website","http://bubbleotree.com/"
"data:image/svg+xml;base64,PHN2ZyB4bWxucz0iaHR0cDovL3d3dy53My5vcmcvMjAwMC9zdmciIHdpZHRoPSIzMDAiIGhlaWdodD0iMzAwIiB2aWV3Qm94PSIwIDAgMzAwIDMwMCI+PHJlY3Qgd2lkdGg9IjEwMCUiIGhlaWdodD0iMTAwJSIgc3R5bGU9ImZpbGw6I2NmZDRkYjtmaWxsLW9wYWNpdHk6IDAuMTsiLz48L3N2Zz4=","<img width=""300"" height=""300"" src=""https://www.chathamdockside.co.uk/wp-content/uploads/2019/03/card-factory_0-300x300.png"" class=""attachment-medium size-medium wp-post-image"" alt="""" decoding=""async"" srcset=""https://www.chathamdockside.co.uk/wp-content/uploads/2019/03/card-factory_0-300x300.png 300w, https://www.chathamdockside.co.uk/wp-content/uploads/2019/03/card-factory_0-150x150.png 150w, https://www.chathamdockside.co.uk/wp-content/uploads/2019/03/card-factory_0-382x382.png 382w, https://www.chathamdockside.co.uk/wp-content/uploads/2019/03/card-factory_0.png 520w"" sizes=""(max-width: 300px) 100vw, 300px"" />","Card Factory","10:00 - 18:00 today					()","https://www.chathamdockside.co.uk/stores/#brand__times-348","Monday: 10:00 - 18:00","Tuesday: 10:00 - 18:00","Wednesday: 10:00 - 18:00","Thursday: 10:00 - 19:00","Friday: 10:00 - 19:00","Saturday: 9:00 - 19:00","Sunday: 11:00 - 17:00","01634 892046","tel:01634 892046","View website","https://www.cardfactory.co.uk/"
"data:image/svg+xml;base64,PHN2ZyB4bWxucz0iaHR0cDovL3d3dy53My5vcmcvMjAwMC9zdmciIHdpZHRoPSIzMDAiIGhlaWdodD0iMzAwIiB2aWV3Qm94PSIwIDAgMzAwIDMwMCI+PHJlY3Qgd2lkdGg9IjEwMCUiIGhlaWdodD0iMTAwJSIgc3R5bGU9ImZpbGw6I2NmZDRkYjtmaWxsLW9wYWNpdHk6IDAuMTsiLz48L3N2Zz4=","<img width=""300"" height=""300"" src=""https://www.chathamdockside.co.uk/wp-content/uploads/2019/03/choice_logo_outlet-300x300.jpg"" class=""attachment-medium size-medium wp-post-image"" alt="""" decoding=""async"" srcset=""https://www.chathamdockside.co.uk/wp-content/uploads/2019/03/choice_logo_outlet-300x300.jpg 300w, https://www.chathamdockside.co.uk/wp-content/uploads/2019/03/choice_logo_outlet-150x150.jpg 150w, https://www.chathamdockside.co.uk/wp-content/uploads/2019/03/choice_logo_outlet-768x768.jpg 768w, https://www.chathamdockside.co.uk/wp-content/uploads/2019/03/choice_logo_outlet-382x382.jpg 382w, https://www.chathamdockside.co.uk/wp-content/uploads/2019/03/choice_logo_outlet-575x575.jpg 575w, https://www.chathamdockside.co.uk/wp-content/uploads/2019/03/choice_logo_outlet-400x400.jpg 400w, https://www.chathamdockside.co.uk/wp-content/uploads/2019/03/choice_logo_outlet-600x600.jpg 600w, https://www.chathamdockside.co.uk/wp-content/uploads/2019/03/choice_logo_outlet.jpg 1000w"" sizes=""(max-width: 300px) 100vw, 300px"" />","Choice","09:00 - 19:00 today					()","https://www.chathamdockside.co.uk/stores/#brand__times-399","Monday: 09:00 - 19:00","Tuesday: 09:00 - 19:00","Wednesday: 09:00 - 19:00","Thursday: 09:00 - 19:00","Friday: 09:00 - 19:00","Saturday: 09:00 - 19:00","Sunday: 11:00 - 17:00","01632 899700","tel:01632 899700","View website","https://www.choicediscount.com/choice-store-chatham/"
"data:image/svg+xml;base64,PHN2ZyB4bWxucz0iaHR0cDovL3d3dy53My5vcmcvMjAwMC9zdmciIHdpZHRoPSIyNTAiIGhlaWdodD0iODciIHZpZXdCb3g9IjAgMCAyNTAgODciPjxyZWN0IHdpZHRoPSIxMDAlIiBoZWlnaHQ9IjEwMCUiIHN0eWxlPSJmaWxsOiNjZmQ0ZGI7ZmlsbC1vcGFjaXR5OiAwLjE7Ii8+PC9zdmc+","<img width=""250"" height=""87"" src=""https://www.chathamdockside.co.uk/wp-content/uploads/2018/12/claires.jpg"" class=""attachment-medium size-medium wp-post-image"" alt="""" decoding=""async"" />","Claires","10:00 - 18:00 today					()","https://www.chathamdockside.co.uk/stores/#brand__times-272","Monday: 10:00 - 18:00","Tuesday: 10:00 - 18:00","Wednesday: 10:00 - 18:00","Thursday: 10:00 - 19:00","Friday: 10:00 - 19:00","Saturday: 9:00 - 19:00","Sunday: 11:00 - 17:00","01634 893 302","tel:01634 893 302","View website","https://www.claires.com/"
"data:image/svg+xml;base64,PHN2ZyB4bWxucz0iaHR0cDovL3d3dy53My5vcmcvMjAwMC9zdmciIHdpZHRoPSIyMjIiIGhlaWdodD0iNjAiIHZpZXdCb3g9IjAgMCAyMjIgNjAiPjxyZWN0IHdpZHRoPSIxMDAlIiBoZWlnaHQ9IjEwMCUiIHN0eWxlPSJmaWxsOiNjZmQ0ZGI7ZmlsbC1vcGFjaXR5OiAwLjE7Ii8+PC9zdmc+","<img width=""222"" height=""60"" src=""https://www.chathamdockside.co.uk/wp-content/uploads/2018/12/clarks.png"" class=""attachment-medium size-medium wp-post-image"" alt="""" decoding=""async"" />","Clarks","10:00 - 18:00 today					()","https://www.chathamdockside.co.uk/stores/#brand__times-282","Monday: 10:00 - 18:00","Tuesday: 10:00 - 18:00","Wednesday: 10:00 - 18:00","Thursday: 10:00 - 18:00","Friday: 10:00 - 18:00","Saturday: 10:00 - 18:00","Sunday: 11:00 - 17:00","01634 893 386","tel:01634 893 386","View website","http://www.clarksoutlet.co.uk/"
"data:image/svg+xml;base64,PHN2ZyB4bWxucz0iaHR0cDovL3d3dy53My5vcmcvMjAwMC9zdmciIHdpZHRoPSIyOTgiIGhlaWdodD0iMzAwIiB2aWV3Qm94PSIwIDAgMjk4IDMwMCI+PHJlY3Qgd2lkdGg9IjEwMCUiIGhlaWdodD0iMTAwJSIgc3R5bGU9ImZpbGw6I2NmZDRkYjtmaWxsLW9wYWNpdHk6IDAuMTsiLz48L3N2Zz4=","<img width=""298"" height=""300"" src=""https://www.chathamdockside.co.uk/wp-content/uploads/2018/12/CLASS-01-298x300.png"" class=""attachment-medium size-medium wp-post-image"" alt="""" decoding=""async"" srcset=""https://www.chathamdockside.co.uk/wp-content/uploads/2018/12/CLASS-01-298x300.png 298w, https://www.chathamdockside.co.uk/wp-content/uploads/2018/12/CLASS-01-1018x1024.png 1018w, https://www.chathamdockside.co.uk/wp-content/uploads/2018/12/CLASS-01-150x150.png 150w, https://www.chathamdockside.co.uk/wp-content/uploads/2018/12/CLASS-01-768x773.png 768w, https://www.chathamdockside.co.uk/wp-content/uploads/2018/12/CLASS-01-1527x1536.png 1527w, https://www.chathamdockside.co.uk/wp-content/uploads/2018/12/CLASS-01-2036x2048.png 2036w, https://www.chathamdockside.co.uk/wp-content/uploads/2018/12/CLASS-01-575x578.png 575w"" sizes=""(max-width: 298px) 100vw, 298px"" />","Class Menswear","10:00 - 18:00 today					()","https://www.chathamdockside.co.uk/stores/#brand__times-249","Monday: 10:00 - 18:00","Tuesday: 10:00 - 18:00","Wednesday: 10:00 - 18:00","Thursday: 10:00 - 19:00","Friday: 10:00 - 19:00","Saturday: 09:00 - 18:00","Sunday: 11:00 - 17:00","01634891495","tel:01634891495","View website","https://www.classmenswear.com/"
"data:image/svg+xml;base64,PHN2ZyB4bWxucz0iaHR0cDovL3d3dy53My5vcmcvMjAwMC9zdmciIHdpZHRoPSIyODQiIGhlaWdodD0iMTkwIiB2aWV3Qm94PSIwIDAgMjg0IDE5MCI+PHJlY3Qgd2lkdGg9IjEwMCUiIGhlaWdodD0iMTAwJSIgc3R5bGU9ImZpbGw6I2NmZDRkYjtmaWxsLW9wYWNpdHk6IDAuMTsiLz48L3N2Zz4=","<img width=""284"" height=""190"" src=""https://www.chathamdockside.co.uk/wp-content/uploads/2018/12/cotton-traders.png"" class=""attachment-medium size-medium wp-post-image"" alt="""" decoding=""async"" />","Cotton Traders","10:00 - 18:00 today					()","https://www.chathamdockside.co.uk/stores/#brand__times-270","Monday: 10:00 - 18:00","Tuesday: 10:00 - 18:00","Wednesday: 10:00 - 18:00","Thursday: 10:00 - 19:00","Friday: 10:00 - 19:00","Saturday: 9:00 - 19:00","Sunday: 11:00 - 17:00","01634 892 960","tel:01634 892 960","View website","https://www.cottontraders.com/"
"data:image/svg+xml;base64,PHN2ZyB4bWxucz0iaHR0cDovL3d3dy53My5vcmcvMjAwMC9zdmciIHdpZHRoPSIyMDUiIGhlaWdodD0iMjE3IiB2aWV3Qm94PSIwIDAgMjA1IDIxNyI+PHJlY3Qgd2lkdGg9IjEwMCUiIGhlaWdodD0iMTAwJSIgc3R5bGU9ImZpbGw6I2NmZDRkYjtmaWxsLW9wYWNpdHk6IDAuMTsiLz48L3N2Zz4=","<img width=""205"" height=""217"" src=""https://www.chathamdockside.co.uk/wp-content/uploads/2019/02/dockside-nursery.jpg"" class=""attachment-medium size-medium wp-post-image"" alt="""" decoding=""async"" />","Dockside Day Nursery","7:00 - 19:00 today					()","https://www.chathamdockside.co.uk/stores/#brand__times-339","Monday: 7:00 - 19:00","Tuesday: 7:00 - 19:00","Wednesday: 7:00 - 19:00","Thursday: 7:00 - 19:00","Friday: 7:00 - 19:00","Saturday: Closed","Sunday: Closed","01634 258 235","tel:01634 258 235","View website","http://www.docksidenursery.co.uk/"
"data:image/svg+xml;base64,PHN2ZyB4bWxucz0iaHR0cDovL3d3dy53My5vcmcvMjAwMC9zdmciIHdpZHRoPSIyOTciIGhlaWdodD0iMjkiIHZpZXdCb3g9IjAgMCAyOTcgMjkiPjxyZWN0IHdpZHRoPSIxMDAlIiBoZWlnaHQ9IjEwMCUiIHN0eWxlPSJmaWxsOiNjZmQ0ZGI7ZmlsbC1vcGFjaXR5OiAwLjE7Ii8+PC9zdmc+","<img width=""297"" height=""29"" src=""https://www.chathamdockside.co.uk/wp-content/uploads/2018/12/holland-barrett.jpg"" class=""attachment-medium size-medium wp-post-image"" alt="""" decoding=""async"" />","Holland & Barrett","10:00 - 18:00 today					()","https://www.chathamdockside.co.uk/stores/#brand__times-290","Monday: 10:00 - 18:00","Tuesday: 10:00 - 18:00","Wednesday: 10:00 - 18:00","Thursday: 10:00 - 19:00","Friday: 10:00 - 19:00","Saturday: 9:00 - 19:00","Sunday: 11:00 - 17:00","01634 893 442","tel:01634 893 442","View website","https://www.hollandandbarrett.com/"
"data:image/svg+xml;base64,PHN2ZyB4bWxucz0iaHR0cDovL3d3dy53My5vcmcvMjAwMC9zdmciIHdpZHRoPSIzMDAiIGhlaWdodD0iNzEiIHZpZXdCb3g9IjAgMCAzMDAgNzEiPjxyZWN0IHdpZHRoPSIxMDAlIiBoZWlnaHQ9IjEwMCUiIHN0eWxlPSJmaWxsOiNjZmQ0ZGI7ZmlsbC1vcGFjaXR5OiAwLjE7Ii8+PC9zdmc+","<img width=""300"" height=""71"" src=""https://www.chathamdockside.co.uk/wp-content/uploads/2018/12/home-plus-300x71.jpg"" class=""attachment-medium size-medium wp-post-image"" alt="""" decoding=""async"" srcset=""https://www.chathamdockside.co.uk/wp-content/uploads/2018/12/home-plus-300x71.jpg 300w, https://www.chathamdockside.co.uk/wp-content/uploads/2018/12/home-plus.jpg 538w"" sizes=""(max-width: 300px) 100vw, 300px"" />","Home Plus Furniture","9:00 - 18:00 today					()","https://www.chathamdockside.co.uk/stores/#brand__times-258","Monday: 9:00 - 18:00","Tuesday: 9:00 - 18:00","Wednesday: 9:00 - 18:00","Thursday: 9:00 - 18:00","Friday: 9:00 - 18:00","Saturday: 9:00 - 18:00","Sunday: 10:00 - 17:00","01634 891306","tel:01634 891306","View website","https://homeplusfurniture.com/"
"data:image/svg+xml;base64,PHN2ZyB4bWxucz0iaHR0cDovL3d3dy53My5vcmcvMjAwMC9zdmciIHdpZHRoPSIzMDAiIGhlaWdodD0iNzEiIHZpZXdCb3g9IjAgMCAzMDAgNzEiPjxyZWN0IHdpZHRoPSIxMDAlIiBoZWlnaHQ9IjEwMCUiIHN0eWxlPSJmaWxsOiNjZmQ0ZGI7ZmlsbC1vcGFjaXR5OiAwLjE7Ii8+PC9zdmc+","<img width=""300"" height=""71"" src=""https://www.chathamdockside.co.uk/wp-content/uploads/2020/09/Iceland-Logo-pdf-300x71.jpg"" class=""attachment-medium size-medium wp-post-image"" alt="""" decoding=""async"" />","Iceland","09:00 - 20:00 today					()","https://www.chathamdockside.co.uk/stores/#brand__times-664","Monday: 09:00 - 20:00","Tuesday: 09:00 - 20:00","Wednesday: 09:00 - 20:00","Thursday: 09:00 - 20:00","Friday: 09:00 - 20:00","Saturday: 09:00 - 19:00","Sunday: 11:00 - 17:00","01634892468","tel:01634892468","View website","https://www.therange.co.uk/"
"data:image/svg+xml;base64,PHN2ZyB4bWxucz0iaHR0cDovL3d3dy53My5vcmcvMjAwMC9zdmciIHdpZHRoPSIzMDAiIGhlaWdodD0iOTIiIHZpZXdCb3g9IjAgMCAzMDAgOTIiPjxyZWN0IHdpZHRoPSIxMDAlIiBoZWlnaHQ9IjEwMCUiIHN0eWxlPSJmaWxsOiNjZmQ0ZGI7ZmlsbC1vcGFjaXR5OiAwLjE7Ii8+PC9zdmc+","<img width=""300"" height=""92"" src=""https://www.chathamdockside.co.uk/wp-content/uploads/2020/09/JJ-Kitchen-showroom-logo-Wide-pdf-300x92.jpg"" class=""attachment-medium size-medium wp-post-image"" alt="""" decoding=""async"" />","Jonas & James","09:00 - 20:00 today					()","https://www.chathamdockside.co.uk/stores/#brand__times-666","Monday: 09:00 - 20:00","Tuesday: 09:00 - 20:00","Wednesday: 09:00 - 20:00","Thursday: 09:00 - 20:00","Friday: 09:00 - 20:00","Saturday: 09:00 - 19:00","Sunday: 11:00 - 17:00","01634892469","tel:01634892469","View website","https://www.therange.co.uk/"
"data:image/svg+xml;base64,PHN2ZyB4bWxucz0iaHR0cDovL3d3dy53My5vcmcvMjAwMC9zdmciIHdpZHRoPSIzMDAiIGhlaWdodD0iNzUiIHZpZXdCb3g9IjAgMCAzMDAgNzUiPjxyZWN0IHdpZHRoPSIxMDAlIiBoZWlnaHQ9IjEwMCUiIHN0eWxlPSJmaWxsOiNjZmQ0ZGI7ZmlsbC1vcGFjaXR5OiAwLjE7Ii8+PC9zdmc+","<img width=""300"" height=""75"" src=""https://www.chathamdockside.co.uk/wp-content/uploads/2018/12/julian-charles-300x75.png"" class=""attachment-medium size-medium wp-post-image"" alt="""" decoding=""async"" srcset=""https://www.chathamdockside.co.uk/wp-content/uploads/2018/12/julian-charles-300x75.png 300w, https://www.chathamdockside.co.uk/wp-content/uploads/2018/12/julian-charles.png 535w"" sizes=""(max-width: 300px) 100vw, 300px"" />","Julian Charles","10:00 - 18:00 today					()","https://www.chathamdockside.co.uk/stores/#brand__times-254","Monday: 10:00 - 18:00","Tuesday: 10:00 - 18:00","Wednesday: 10:00 - 18:00","Thursday: 10:00 - 18:00","Friday: 10:00 - 18:00","Saturday: 10:00 - 18:00","Sunday: 11:00 - 17:00","01634 561360","tel:01634 561360","View website","https://www.juliancharles.co.uk/"
"data:image/svg+xml;base64,PHN2ZyB4bWxucz0iaHR0cDovL3d3dy53My5vcmcvMjAwMC9zdmciIHdpZHRoPSIzMDAiIGhlaWdodD0iMTA5IiB2aWV3Qm94PSIwIDAgMzAwIDEwOSI+PHJlY3Qgd2lkdGg9IjEwMCUiIGhlaWdodD0iMTAwJSIgc3R5bGU9ImZpbGw6I2NmZDRkYjtmaWxsLW9wYWNpdHk6IDAuMTsiLz48L3N2Zz4=","<img width=""300"" height=""109"" src=""https://www.chathamdockside.co.uk/wp-content/uploads/2019/09/klass_logo_white-2-300x109.jpg"" class=""attachment-medium size-medium wp-post-image"" alt="""" decoding=""async"" srcset=""https://www.chathamdockside.co.uk/wp-content/uploads/2019/09/klass_logo_white-2-300x109.jpg 300w, https://www.chathamdockside.co.uk/wp-content/uploads/2019/09/klass_logo_white-2-1024x373.jpg 1024w, https://www.chathamdockside.co.uk/wp-content/uploads/2019/09/klass_logo_white-2-768x280.jpg 768w, https://www.chathamdockside.co.uk/wp-content/uploads/2019/09/klass_logo_white-2-1536x560.jpg 1536w, https://www.chathamdockside.co.uk/wp-content/uploads/2019/09/klass_logo_white-2-2048x746.jpg 2048w, https://www.chathamdockside.co.uk/wp-content/uploads/2019/09/klass_logo_white-2-575x210.jpg 575w"" sizes=""(max-width: 300px) 100vw, 300px"" />","Klass","10:00 - 18:00 today					()","https://www.chathamdockside.co.uk/stores/#brand__times-485","Monday: 10:00 - 18:00","Tuesday: 10:00 - 18:00","Wednesday: 10:00 - 18:00","Thursday: 10:00 - 18:00","Friday: 10:00 - 18:00","Saturday: 10:00 - 18:00","Sunday: 11:00 - 17:00","View website","http://www.klass.co.uk/","",""
"data:image/svg+xml;base64,PHN2ZyB4bWxucz0iaHR0cDovL3d3dy53My5vcmcvMjAwMC9zdmciIHdpZHRoPSIzMDAiIGhlaWdodD0iMTI4IiB2aWV3Qm94PSIwIDAgMzAwIDEyOCI+PHJlY3Qgd2lkdGg9IjEwMCUiIGhlaWdodD0iMTAwJSIgc3R5bGU9ImZpbGw6I2NmZDRkYjtmaWxsLW9wYWNpdHk6IDAuMTsiLz48L3N2Zz4=","<img width=""300"" height=""128"" src=""https://www.chathamdockside.co.uk/wp-content/uploads/2023/12/Unknown-300x128.jpeg"" class=""attachment-medium size-medium wp-post-image"" alt="""" decoding=""async"" srcset=""https://www.chathamdockside.co.uk/wp-content/uploads/2023/12/Unknown-300x128.jpeg 300w, https://www.chathamdockside.co.uk/wp-content/uploads/2023/12/Unknown-575x246.jpeg 575w, https://www.chathamdockside.co.uk/wp-content/uploads/2023/12/Unknown.jpeg 694w"" sizes=""(max-width: 300px) 100vw, 300px"" />","Luxe Nail Lounge","10:00 - 18:00 today					()","https://www.chathamdockside.co.uk/stores/#brand__times-75228","Monday: 10:00 - 18:00","Tuesday: 10:00 - 18:00","Wednesday: 10:00 - 18:00","Thursday: 10:00 - 19:00","Friday: 10:00 - 19:00","Saturday: 9:00 - 19:00","Sunday: 11:00 - 17:00","","","",""
"data:image/svg+xml;base64,PHN2ZyB4bWxucz0iaHR0cDovL3d3dy53My5vcmcvMjAwMC9zdmciIHdpZHRoPSIzMDAiIGhlaWdodD0iMzAwIiB2aWV3Qm94PSIwIDAgMzAwIDMwMCI+PHJlY3Qgd2lkdGg9IjEwMCUiIGhlaWdodD0iMTAwJSIgc3R5bGU9ImZpbGw6I2NmZDRkYjtmaWxsLW9wYWNpdHk6IDAuMTsiLz48L3N2Zz4=","<img width=""300"" height=""300"" src=""https://www.chathamdockside.co.uk/wp-content/uploads/2018/12/ms-outlet-300x300.png"" class=""attachment-medium size-medium wp-post-image"" alt="""" decoding=""async"" srcset=""https://www.chathamdockside.co.uk/wp-content/uploads/2018/12/ms-outlet-300x300.png 300w, https://www.chathamdockside.co.uk/wp-content/uploads/2018/12/ms-outlet-150x150.png 150w, https://www.chathamdockside.co.uk/wp-content/uploads/2018/12/ms-outlet-382x382.png 382w, https://www.chathamdockside.co.uk/wp-content/uploads/2018/12/ms-outlet.png 500w"" sizes=""(max-width: 300px) 100vw, 300px"" />","M&S Outlet","9:00 - 18:00 today					()","https://www.chathamdockside.co.uk/stores/#brand__times-302","Monday: 9:00 - 18:00","Tuesday: 9:00 - 18:00","Wednesday: 9:00 - 18:00","Thursday: 9:00 - 18:00","Friday: 9:00 - 18:00","Saturday: 9:00 - 18:00","Sunday: 11:00 - 17:00","01634 891 258","tel:01634 891 258","View website","https://www.marksandspencer.com/"
"data:image/svg+xml;base64,PHN2ZyB4bWxucz0iaHR0cDovL3d3dy53My5vcmcvMjAwMC9zdmciIHdpZHRoPSIzMDAiIGhlaWdodD0iMjA4IiB2aWV3Qm94PSIwIDAgMzAwIDIwOCI+PHJlY3Qgd2lkdGg9IjEwMCUiIGhlaWdodD0iMTAwJSIgc3R5bGU9ImZpbGw6I2NmZDRkYjtmaWxsLW9wYWNpdHk6IDAuMTsiLz48L3N2Zz4=","<img width=""300"" height=""208"" src=""https://www.chathamdockside.co.uk/wp-content/uploads/2025/08/Mcdonalds-Story-Instagram-Post-45-e1756469747610-300x208.png"" class=""attachment-medium size-medium wp-post-image"" alt="""" decoding=""async"" srcset=""https://www.chathamdockside.co.uk/wp-content/uploads/2025/08/Mcdonalds-Story-Instagram-Post-45-e1756469747610-300x208.png 300w, https://www.chathamdockside.co.uk/wp-content/uploads/2025/08/Mcdonalds-Story-Instagram-Post-45-e1756469747610-1024x710.png 1024w, https://www.chathamdockside.co.uk/wp-content/uploads/2025/08/Mcdonalds-Story-Instagram-Post-45-e1756469747610-768x533.png 768w, https://www.chathamdockside.co.uk/wp-content/uploads/2025/08/Mcdonalds-Story-Instagram-Post-45-e1756469747610-575x399.png 575w, https://www.chathamdockside.co.uk/wp-content/uploads/2025/08/Mcdonalds-Story-Instagram-Post-45-e1756469747610.png 1080w"" sizes=""(max-width: 300px) 100vw, 300px"" />","McDonalds","06:00 AM to 12:00 AM today					()","https://www.chathamdockside.co.uk/stores/#brand__times-102469","Monday: 06:00 AM to 12:00 AM","Tuesday: 06:00 AM to 12:00 AM","Wednesday: 06:00 AM to 12:00 AM","Thursday: 06:00 AM to 12:00 AM","Friday: 06:00 AM to 12:00 AM","Saturday: 06:00 AM to 12:00 AM","Sunday: 06:00 AM to 12:00 AM","03705244622","tel:03705244622","View website","https://www.mcdonalds.com/gb/en-gb/location/st-mary-island/chatham---dockside-outlet/unit-34-dockside-outlet-centre/8262606.html"
"data:image/svg+xml;base64,PHN2ZyB4bWxucz0iaHR0cDovL3d3dy53My5vcmcvMjAwMC9zdmciIHdpZHRoPSIyMjUiIGhlaWdodD0iMzAwIiB2aWV3Qm94PSIwIDAgMjI1IDMwMCI+PHJlY3Qgd2lkdGg9IjEwMCUiIGhlaWdodD0iMTAwJSIgc3R5bGU9ImZpbGw6I2NmZDRkYjtmaWxsLW9wYWNpdHk6IDAuMTsiLz48L3N2Zz4=","<img width=""225"" height=""300"" src=""https://www.chathamdockside.co.uk/wp-content/uploads/2018/12/480225797_1185733220219912_8169418587114236867_n-225x300.jpg"" class=""attachment-medium size-medium wp-post-image"" alt="""" decoding=""async"" srcset=""https://www.chathamdockside.co.uk/wp-content/uploads/2018/12/480225797_1185733220219912_8169418587114236867_n-225x300.jpg 225w, https://www.chathamdockside.co.uk/wp-content/uploads/2018/12/480225797_1185733220219912_8169418587114236867_n-575x767.jpg 575w, https://www.chathamdockside.co.uk/wp-content/uploads/2018/12/480225797_1185733220219912_8169418587114236867_n.jpg 720w"" sizes=""(max-width: 225px) 100vw, 225px"" />","Moda","10:00 - 17:00 today					()","https://www.chathamdockside.co.uk/stores/#brand__times-260","Monday: 10:00 - 17:00","Tuesday: 10:00 - 17:00","Wednesday: 10:00 - 17:00","Thursday: 10:00 - 17:00","Friday: 10:00 - 17:00","Saturday: 10:00 - 17:00","Sunday: 11:00 - 17:00","01634 899 389","tel:01634 899 389","",""
"data:image/svg+xml;base64,PHN2ZyB4bWxucz0iaHR0cDovL3d3dy53My5vcmcvMjAwMC9zdmciIHdpZHRoPSIzMDAiIGhlaWdodD0iNTYiIHZpZXdCb3g9IjAgMCAzMDAgNTYiPjxyZWN0IHdpZHRoPSIxMDAlIiBoZWlnaHQ9IjEwMCUiIHN0eWxlPSJmaWxsOiNjZmQ0ZGI7ZmlsbC1vcGFjaXR5OiAwLjE7Ii8+PC9zdmc+","<img width=""300"" height=""56"" src=""https://www.chathamdockside.co.uk/wp-content/uploads/2022/04/Monkhouse-Logo_navy-300x56.png"" class=""attachment-medium size-medium wp-post-image"" alt="""" decoding=""async"" srcset=""https://www.chathamdockside.co.uk/wp-content/uploads/2022/04/Monkhouse-Logo_navy-300x56.png 300w, https://www.chathamdockside.co.uk/wp-content/uploads/2022/04/Monkhouse-Logo_navy-1024x190.png 1024w, https://www.chathamdockside.co.uk/wp-content/uploads/2022/04/Monkhouse-Logo_navy-768x143.png 768w, https://www.chathamdockside.co.uk/wp-content/uploads/2022/04/Monkhouse-Logo_navy-1536x286.png 1536w, https://www.chathamdockside.co.uk/wp-content/uploads/2022/04/Monkhouse-Logo_navy-2048x381.png 2048w, https://www.chathamdockside.co.uk/wp-content/uploads/2022/04/Monkhouse-Logo_navy-575x107.png 575w"" sizes=""(max-width: 300px) 100vw, 300px"" />","Monkhouse","10:00 - 18:00 today					()","https://www.chathamdockside.co.uk/stores/#brand__times-16115","Monday: 10:00 - 18:00","Tuesday: 10:00 - 18:00","Wednesday: 10:00 - 18:00","Thursday: 10:00 - 18:00","Friday: 10:00 - 18:00","Saturday: 10:00 - 18:00","Sunday: 11:00 - 17:00","View website","http://www.monkhouse.com/","",""
"data:image/svg+xml;base64,PHN2ZyB4bWxucz0iaHR0cDovL3d3dy53My5vcmcvMjAwMC9zdmciIHdpZHRoPSIzMDAiIGhlaWdodD0iMTQ1IiB2aWV3Qm94PSIwIDAgMzAwIDE0NSI+PHJlY3Qgd2lkdGg9IjEwMCUiIGhlaWdodD0iMTAwJSIgc3R5bGU9ImZpbGw6I2NmZDRkYjtmaWxsLW9wYWNpdHk6IDAuMTsiLz48L3N2Zz4=","<img width=""300"" height=""145"" src=""https://www.chathamdockside.co.uk/wp-content/uploads/2018/12/Moss_BlackBack-300x145.png"" class=""attachment-medium size-medium wp-post-image"" alt="""" decoding=""async"" srcset=""https://www.chathamdockside.co.uk/wp-content/uploads/2018/12/Moss_BlackBack-300x145.png 300w, https://www.chathamdockside.co.uk/wp-content/uploads/2018/12/Moss_BlackBack-1024x497.png 1024w, https://www.chathamdockside.co.uk/wp-content/uploads/2018/12/Moss_BlackBack-768x372.png 768w, https://www.chathamdockside.co.uk/wp-content/uploads/2018/12/Moss_BlackBack-1536x745.png 1536w, https://www.chathamdockside.co.uk/wp-content/uploads/2018/12/Moss_BlackBack-2048x993.png 2048w, https://www.chathamdockside.co.uk/wp-content/uploads/2018/12/Moss_BlackBack-575x279.png 575w"" sizes=""(max-width: 300px) 100vw, 300px"" />","Moss","10:00 - 18:00 today					()","https://www.chathamdockside.co.uk/stores/#brand__times-296","Monday: 10:00 - 18:00","Tuesday: 10:00 - 18:00","Wednesday: 10:00 - 18:00","Thursday: 10:00 - 18:00","Friday: 10:00 - 18:00","Saturday: 09:00 - 18:00","Sunday: 10:30 - 16:30","01634 893 056","tel:01634 893 056","View website","https://www.moss.co.uk/"
"data:image/svg+xml;base64,PHN2ZyB4bWxucz0iaHR0cDovL3d3dy53My5vcmcvMjAwMC9zdmciIHdpZHRoPSIyNTAiIGhlaWdodD0iNDEiIHZpZXdCb3g9IjAgMCAyNTAgNDEiPjxyZWN0IHdpZHRoPSIxMDAlIiBoZWlnaHQ9IjEwMCUiIHN0eWxlPSJmaWxsOiNjZmQ0ZGI7ZmlsbC1vcGFjaXR5OiAwLjE7Ii8+PC9zdmc+","<img width=""250"" height=""41"" src=""https://www.chathamdockside.co.uk/wp-content/uploads/2018/12/mountain-warhouse.jpg"" class=""attachment-medium size-medium wp-post-image"" alt="""" decoding=""async"" />","Mountain Warehouse","10:00 - 18:00 today					()","https://www.chathamdockside.co.uk/stores/#brand__times-304","Monday: 10:00 - 18:00","Tuesday: 10:00 - 18:00","Wednesday: 10:00 - 18:00","Thursday: 10:00 - 19:00","Friday: 10:00 - 19:00","Saturday: 9:00 - 19:00","Sunday: 11:00 - 17:00","01634 893 100","tel:01634 893 100","View website","https://www.mountainwarehouse.com/"
"data:image/svg+xml;base64,PHN2ZyB4bWxucz0iaHR0cDovL3d3dy53My5vcmcvMjAwMC9zdmciIHdpZHRoPSIzMDAiIGhlaWdodD0iMjMyIiB2aWV3Qm94PSIwIDAgMzAwIDIzMiI+PHJlY3Qgd2lkdGg9IjEwMCUiIGhlaWdodD0iMTAwJSIgc3R5bGU9ImZpbGw6I2NmZDRkYjtmaWxsLW9wYWNpdHk6IDAuMTsiLz48L3N2Zz4=","<img width=""300"" height=""232"" src=""https://www.chathamdockside.co.uk/wp-content/uploads/2021/09/logoandstrap-scaled-300x232.jpg"" class=""attachment-medium size-medium wp-post-image"" alt="""" decoding=""async"" srcset=""https://www.chathamdockside.co.uk/wp-content/uploads/2021/09/logoandstrap-scaled-300x232.jpg 300w, https://www.chathamdockside.co.uk/wp-content/uploads/2021/09/logoandstrap-scaled-1024x792.jpg 1024w, https://www.chathamdockside.co.uk/wp-content/uploads/2021/09/logoandstrap-scaled-768x594.jpg 768w, https://www.chathamdockside.co.uk/wp-content/uploads/2021/09/logoandstrap-scaled-1536x1187.jpg 1536w, https://www.chathamdockside.co.uk/wp-content/uploads/2021/09/logoandstrap-scaled-2048x1583.jpg 2048w, https://www.chathamdockside.co.uk/wp-content/uploads/2021/09/logoandstrap-scaled-575x445.jpg 575w"" sizes=""(max-width: 300px) 100vw, 300px"" />","Pad Thai Live","10:00 - 18:00 today					()","https://www.chathamdockside.co.uk/stores/#brand__times-764","Monday: 10:00 - 18:00","Tuesday: 10:00 - 18:00","Wednesday: 10:00 - 18:00","Thursday: 10:00 - 19:00","Friday: 10:00 - 19:00","Saturday: 9:00 - 19:00","Sunday: 11:00 - 17:00","View website","https://padthailive.com/","",""
"data:image/svg+xml;base64,PHN2ZyB4bWxucz0iaHR0cDovL3d3dy53My5vcmcvMjAwMC9zdmciIHdpZHRoPSIzMDAiIGhlaWdodD0iODAiIHZpZXdCb3g9IjAgMCAzMDAgODAiPjxyZWN0IHdpZHRoPSIxMDAlIiBoZWlnaHQ9IjEwMCUiIHN0eWxlPSJmaWxsOiNjZmQ0ZGI7ZmlsbC1vcGFjaXR5OiAwLjE7Ii8+PC9zdmc+","<img width=""300"" height=""80"" src=""https://www.chathamdockside.co.uk/wp-content/uploads/2018/12/Pavers_Logo_Blue-1-300x80.png"" class=""attachment-medium size-medium wp-post-image"" alt="""" decoding=""async"" srcset=""https://www.chathamdockside.co.uk/wp-content/uploads/2018/12/Pavers_Logo_Blue-1-300x80.png 300w, https://www.chathamdockside.co.uk/wp-content/uploads/2018/12/Pavers_Logo_Blue-1-1024x273.png 1024w, https://www.chathamdockside.co.uk/wp-content/uploads/2018/12/Pavers_Logo_Blue-1-768x204.png 768w, https://www.chathamdockside.co.uk/wp-content/uploads/2018/12/Pavers_Logo_Blue-1-1536x409.png 1536w, https://www.chathamdockside.co.uk/wp-content/uploads/2018/12/Pavers_Logo_Blue-1-2048x545.png 2048w, https://www.chathamdockside.co.uk/wp-content/uploads/2018/12/Pavers_Logo_Blue-1-575x153.png 575w"" sizes=""(max-width: 300px) 100vw, 300px"" />","Pavers","10:00 - 18:00 today					()","https://www.chathamdockside.co.uk/stores/#brand__times-284","Monday: 10:00 - 18:00","Tuesday: 10:00 - 18:00","Wednesday: 10:00 - 18:00","Thursday: 10:00 - 19:00","Friday: 10:00 - 19:00","Saturday: 10:00 - 18:00","Sunday: 11:00 - 17:00","0844 847 5619","tel:0844 847 5619","View website","https://www.pavers.co.uk/"
"data:image/svg+xml;base64,PHN2ZyB4bWxucz0iaHR0cDovL3d3dy53My5vcmcvMjAwMC9zdmciIHdpZHRoPSIzMDAiIGhlaWdodD0iNzIiIHZpZXdCb3g9IjAgMCAzMDAgNzIiPjxyZWN0IHdpZHRoPSIxMDAlIiBoZWlnaHQ9IjEwMCUiIHN0eWxlPSJmaWxsOiNjZmQ0ZGI7ZmlsbC1vcGFjaXR5OiAwLjE7Ii8+PC9zdmc+","<img width=""300"" height=""72"" src=""https://www.chathamdockside.co.uk/wp-content/uploads/2018/12/procook-300x72.jpg"" class=""attachment-medium size-medium wp-post-image"" alt="""" decoding=""async"" />","ProCook","10:00 - 18:00 today					()","https://www.chathamdockside.co.uk/stores/#brand__times-243","Monday: 10:00 - 18:00","Tuesday: 10:00 - 18:00","Wednesday: 10:00 - 18:00","Thursday: 10:00 - 19:00","Friday: 10:00 - 19:00","Saturday: 09:00 - 18:00","Sunday: 11:00 - 17:00","01634 893964","tel:01634 893964","View website","https://www.procook.co.uk/"
"data:image/svg+xml;base64,PHN2ZyB4bWxucz0iaHR0cDovL3d3dy53My5vcmcvMjAwMC9zdmciIHdpZHRoPSIzMDAiIGhlaWdodD0iMzAwIiB2aWV3Qm94PSIwIDAgMzAwIDMwMCI+PHJlY3Qgd2lkdGg9IjEwMCUiIGhlaWdodD0iMTAwJSIgc3R5bGU9ImZpbGw6I2NmZDRkYjtmaWxsLW9wYWNpdHk6IDAuMTsiLz48L3N2Zz4=","<img width=""300"" height=""300"" src=""https://www.chathamdockside.co.uk/wp-content/uploads/2022/06/REGAL-logo-01-300x300.png"" class=""attachment-medium size-medium wp-post-image"" alt="""" decoding=""async"" srcset=""https://www.chathamdockside.co.uk/wp-content/uploads/2022/06/REGAL-logo-01-300x300.png 300w, https://www.chathamdockside.co.uk/wp-content/uploads/2022/06/REGAL-logo-01-1021x1024.png 1021w, https://www.chathamdockside.co.uk/wp-content/uploads/2022/06/REGAL-logo-01-150x150.png 150w, https://www.chathamdockside.co.uk/wp-content/uploads/2022/06/REGAL-logo-01-768x770.png 768w, https://www.chathamdockside.co.uk/wp-content/uploads/2022/06/REGAL-logo-01-1531x1536.png 1531w, https://www.chathamdockside.co.uk/wp-content/uploads/2022/06/REGAL-logo-01-2042x2048.png 2042w, https://www.chathamdockside.co.uk/wp-content/uploads/2022/06/REGAL-logo-01-382x382.png 382w, https://www.chathamdockside.co.uk/wp-content/uploads/2022/06/REGAL-logo-01-575x577.png 575w"" sizes=""(max-width: 300px) 100vw, 300px"" />","Regal Van Hire","10:00 - 18:00 today					()","https://www.chathamdockside.co.uk/stores/#brand__times-23282","Monday: 10:00 - 18:00","Tuesday: 10:00 - 18:00","Wednesday: 10:00 - 18:00","Thursday: 10:00 - 19:00","Friday: 10:00 - 19:00","Saturday: 9:00 - 19:00","Sunday: 11:00 - 17:00","0800 0567 101","tel: 0800 0567 101","View website","https://www.regalrental.co.uk/hire-vehicles/van-hire-chatham"
"data:image/svg+xml;base64,PHN2ZyB4bWxucz0iaHR0cDovL3d3dy53My5vcmcvMjAwMC9zdmciIHdpZHRoPSIyNTAiIGhlaWdodD0iNDgiIHZpZXdCb3g9IjAgMCAyNTAgNDgiPjxyZWN0IHdpZHRoPSIxMDAlIiBoZWlnaHQ9IjEwMCUiIHN0eWxlPSJmaWxsOiNjZmQ0ZGI7ZmlsbC1vcGFjaXR5OiAwLjE7Ii8+PC9zdmc+","<img width=""250"" height=""48"" src=""https://www.chathamdockside.co.uk/wp-content/uploads/2018/12/roman.jpg"" class=""attachment-medium size-medium wp-post-image"" alt="""" decoding=""async"" />","Roman Originals","10:00 - 18:00 today					()","https://www.chathamdockside.co.uk/stores/#brand__times-268","Monday: 10:00 - 18:00","Tuesday: 10:00 - 18:00","Wednesday: 10:00 - 18:00","Thursday: 10:00 - 19:00","Friday: 10:00 - 19:00","Saturday: 10:00 - 18:00","Sunday: 11:00 - 17:00","01634 893 299","tel:01634 893 299","View website","https://www.romanoriginals.co.uk/"
"data:image/svg+xml;base64,PHN2ZyB4bWxucz0iaHR0cDovL3d3dy53My5vcmcvMjAwMC9zdmciIHdpZHRoPSIyMTIiIGhlaWdodD0iMzAwIiB2aWV3Qm94PSIwIDAgMjEyIDMwMCI+PHJlY3Qgd2lkdGg9IjEwMCUiIGhlaWdodD0iMTAwJSIgc3R5bGU9ImZpbGw6I2NmZDRkYjtmaWxsLW9wYWNpdHk6IDAuMTsiLz48L3N2Zz4=","<img width=""212"" height=""300"" src=""https://www.chathamdockside.co.uk/wp-content/uploads/2020/10/Photo-1-pdf-212x300.jpg"" class=""attachment-medium size-medium wp-post-image"" alt="""" decoding=""async"" />","Ru Cafe","10:00 - 18:00 today					()","https://www.chathamdockside.co.uk/stores/#brand__times-674","Monday: 10:00 - 18:00","Tuesday: 10:00 - 18:00","Wednesday: 10:00 - 18:00","Thursday: 10:00 - 19:00","Friday: 10:00 - 19:00","Saturday: 9:00 - 19:00","Sunday: 11:00 - 17:00","01634 890890","tel:01634 890890","View website","https://www.ru-cafe.com/"
"data:image/svg+xml;base64,PHN2ZyB4bWxucz0iaHR0cDovL3d3dy53My5vcmcvMjAwMC9zdmciIHdpZHRoPSIzMDAiIGhlaWdodD0iMTYzIiB2aWV3Qm94PSIwIDAgMzAwIDE2MyI+PHJlY3Qgd2lkdGg9IjEwMCUiIGhlaWdodD0iMTAwJSIgc3R5bGU9ImZpbGw6I2NmZDRkYjtmaWxsLW9wYWNpdHk6IDAuMTsiLz48L3N2Zz4=","<img width=""300"" height=""163"" src=""https://www.chathamdockside.co.uk/wp-content/uploads/2021/09/practice-logo-300x163.jpg"" class=""attachment-medium size-medium wp-post-image"" alt="""" decoding=""async"" srcset=""https://www.chathamdockside.co.uk/wp-content/uploads/2021/09/practice-logo-300x163.jpg 300w, https://www.chathamdockside.co.uk/wp-content/uploads/2021/09/practice-logo-575x311.jpg 575w, https://www.chathamdockside.co.uk/wp-content/uploads/2021/09/practice-logo.jpg 648w"" sizes=""(max-width: 300px) 100vw, 300px"" />","Smil","10:00 - 18:00 today					()","https://www.chathamdockside.co.uk/stores/#brand__times-743","Monday: 10:00 - 18:00","Tuesday: 10:00 - 18:00","Wednesday: 10:00 - 18:00","Thursday: 10:00 - 19:00","Friday: 10:00 - 19:00","Saturday: 9:00 - 19:00","Sunday: 11:00 - 17:00","01634 756536","tel:01634 756536","View website","http://www.smil.me/"
"data:image/svg+xml;base64,PHN2ZyB4bWxucz0iaHR0cDovL3d3dy53My5vcmcvMjAwMC9zdmciIHdpZHRoPSIzMDAiIGhlaWdodD0iOTMiIHZpZXdCb3g9IjAgMCAzMDAgOTMiPjxyZWN0IHdpZHRoPSIxMDAlIiBoZWlnaHQ9IjEwMCUiIHN0eWxlPSJmaWxsOiNjZmQ0ZGI7ZmlsbC1vcGFjaXR5OiAwLjE7Ii8+PC9zdmc+","<img width=""300"" height=""93"" src=""https://www.chathamdockside.co.uk/wp-content/uploads/2025/05/Screenshot-2025-09-01-at-18.34.51-300x93.png"" class=""attachment-medium size-medium wp-post-image"" alt="""" decoding=""async"" srcset=""https://www.chathamdockside.co.uk/wp-content/uploads/2025/05/Screenshot-2025-09-01-at-18.34.51-300x93.png 300w, https://www.chathamdockside.co.uk/wp-content/uploads/2025/05/Screenshot-2025-09-01-at-18.34.51-575x178.png 575w, https://www.chathamdockside.co.uk/wp-content/uploads/2025/05/Screenshot-2025-09-01-at-18.34.51.png 712w"" sizes=""(max-width: 300px) 100vw, 300px"" />","Sotto Lounge","9am - 11pm today					()","https://www.chathamdockside.co.uk/stores/#brand__times-102457","Monday: 9am - 11pm","Tuesday: 9am - 11pm","Wednesday: 9am - 11pm","Thursday: 9am - 11pm","Friday: 9am - 12am","Saturday: 9am - 12am","Sunday: 9am - 11pm","01634 623366","tel:01634 623366","View website","https://thelounges.co.uk/sotto/"
"data:image/svg+xml;base64,PHN2ZyB4bWxucz0iaHR0cDovL3d3dy53My5vcmcvMjAwMC9zdmciIHdpZHRoPSIyNTAiIGhlaWdodD0iNTMiIHZpZXdCb3g9IjAgMCAyNTAgNTMiPjxyZWN0IHdpZHRoPSIxMDAlIiBoZWlnaHQ9IjEwMCUiIHN0eWxlPSJmaWxsOiNjZmQ0ZGI7ZmlsbC1vcGFjaXR5OiAwLjE7Ii8+PC9zdmc+","<img width=""250"" height=""53"" src=""https://www.chathamdockside.co.uk/wp-content/uploads/2018/12/spec-savvy.jpg"" class=""attachment-medium size-medium wp-post-image"" alt="""" decoding=""async"" />","Spec Savvy Opticians","10:00 - 15:00 today					()","https://www.chathamdockside.co.uk/stores/#brand__times-250","Monday: 10:00 - 15:00","Tuesday: 10:00 - 15:00","Wednesday: 10:00 - 15:00","Thursday: 10:00 - 15:00","Friday: 10:00 - 15:00","Saturday: Closed","Sunday: Closed","01634 891000","tel:01634 891000","View website","http://www.specsavvyopticians.co.uk/"
"data:image/svg+xml;base64,PHN2ZyB4bWxucz0iaHR0cDovL3d3dy53My5vcmcvMjAwMC9zdmciIHdpZHRoPSIzMDAiIGhlaWdodD0iODQiIHZpZXdCb3g9IjAgMCAzMDAgODQiPjxyZWN0IHdpZHRoPSIxMDAlIiBoZWlnaHQ9IjEwMCUiIHN0eWxlPSJmaWxsOiNjZmQ0ZGI7ZmlsbC1vcGFjaXR5OiAwLjE7Ii8+PC9zdmc+","<img width=""300"" height=""84"" src=""https://www.chathamdockside.co.uk/wp-content/uploads/2021/10/TFS-Logo-1-pdf-300x84.jpg"" class=""attachment-medium size-medium wp-post-image"" alt="""" decoding=""async"" />","The Fragrance Shop","10:00 - 18:00 today					()","https://www.chathamdockside.co.uk/stores/#brand__times-769","Monday: 10:00 - 18:00","Tuesday: 10:00 - 18:00","Wednesday: 10:00 - 18:00","Thursday: 10:00 - 19:00","Friday: 10:00 - 19:00","Saturday: 10:00 - 18:00","Sunday: 11:00 - 17:00","01634 893104","tel:01634 893104","View website","https://www.thefragranceshop.co.uk/"
"data:image/svg+xml;base64,PHN2ZyB4bWxucz0iaHR0cDovL3d3dy53My5vcmcvMjAwMC9zdmciIHdpZHRoPSIzMDAiIGhlaWdodD0iMzAwIiB2aWV3Qm94PSIwIDAgMzAwIDMwMCI+PHJlY3Qgd2lkdGg9IjEwMCUiIGhlaWdodD0iMTAwJSIgc3R5bGU9ImZpbGw6I2NmZDRkYjtmaWxsLW9wYWNpdHk6IDAuMTsiLz48L3N2Zz4=","<img width=""300"" height=""300"" src=""https://www.chathamdockside.co.uk/wp-content/uploads/2018/12/gift-company-300x300.jpg"" class=""attachment-medium size-medium wp-post-image"" alt="""" decoding=""async"" srcset=""https://www.chathamdockside.co.uk/wp-content/uploads/2018/12/gift-company.jpg 300w, https://www.chathamdockside.co.uk/wp-content/uploads/2018/12/gift-company-150x150.jpg 150w"" sizes=""(max-width: 300px) 100vw, 300px"" />","The Gift Company","10:00 - 18:00 today					()","https://www.chathamdockside.co.uk/stores/#brand__times-263","Monday: 10:00 - 18:00","Tuesday: 10:00 - 18:00","Wednesday: 10:00 - 18:00","Thursday: 10:00 - 19:00","Friday: 10:00 - 19:00","Saturday: 9:00 - 19:00","Sunday: 11:00 - 17:00","01634 892483","tel:01634 892483","View website","http://www.giftcompany.com/"
"data:image/svg+xml;base64,PHN2ZyB4bWxucz0iaHR0cDovL3d3dy53My5vcmcvMjAwMC9zdmciIHdpZHRoPSIzMDAiIGhlaWdodD0iMzkiIHZpZXdCb3g9IjAgMCAzMDAgMzkiPjxyZWN0IHdpZHRoPSIxMDAlIiBoZWlnaHQ9IjEwMCUiIHN0eWxlPSJmaWxsOiNjZmQ0ZGI7ZmlsbC1vcGFjaXR5OiAwLjE7Ii8+PC9zdmc+","<img width=""300"" height=""39"" src=""https://www.chathamdockside.co.uk/wp-content/uploads/2018/12/the-pannini-bros-300x39.png"" class=""attachment-medium size-medium wp-post-image"" alt="""" decoding=""async"" srcset=""https://www.chathamdockside.co.uk/wp-content/uploads/2018/12/the-pannini-bros-300x39.png 300w, https://www.chathamdockside.co.uk/wp-content/uploads/2018/12/the-pannini-bros.png 570w"" sizes=""(max-width: 300px) 100vw, 300px"" />","The Panini Brothers","10:00 - 18:00 today					()","https://www.chathamdockside.co.uk/stores/#brand__times-288","Monday: 10:00 - 18:00","Tuesday: 10:00 - 18:00","Wednesday: 10:00 - 18:00","Thursday: 10:00 - 19:00","Friday: 10:00 - 19:00","Saturday: 9:00 - 19:00","Sunday: 11:00 - 17:00","01634 892 000","tel:01634 892 000","View website","https://www.thepaninibrothers.co.uk/"
"data:image/svg+xml;base64,PHN2ZyB4bWxucz0iaHR0cDovL3d3dy53My5vcmcvMjAwMC9zdmciIHdpZHRoPSIzMDAiIGhlaWdodD0iNTUiIHZpZXdCb3g9IjAgMCAzMDAgNTUiPjxyZWN0IHdpZHRoPSIxMDAlIiBoZWlnaHQ9IjEwMCUiIHN0eWxlPSJmaWxsOiNjZmQ0ZGI7ZmlsbC1vcGFjaXR5OiAwLjE7Ii8+PC9zdmc+","<img width=""300"" height=""55"" src=""https://www.chathamdockside.co.uk/wp-content/uploads/2018/12/the-range-300x55.png"" class=""attachment-medium size-medium wp-post-image"" alt="""" decoding=""async"" srcset=""https://www.chathamdockside.co.uk/wp-content/uploads/2018/12/the-range-300x55.png 300w, https://www.chathamdockside.co.uk/wp-content/uploads/2018/12/the-range-382x70.png 382w, https://www.chathamdockside.co.uk/wp-content/uploads/2018/12/the-range.png 383w"" sizes=""(max-width: 300px) 100vw, 300px"" />","The Range","09:00 - 20:00 today					()","https://www.chathamdockside.co.uk/stores/#brand__times-300","Monday: 09:00 - 20:00","Tuesday: 09:00 - 20:00","Wednesday: 09:00 - 20:00","Thursday: 09:00 - 20:00","Friday: 09:00 - 20:00","Saturday: 09:00 - 20:00","Sunday: 11:00 - 17:00","01634 892 469","tel:01634 892 469","View website","https://www.therange.co.uk/"
"data:image/svg+xml;base64,PHN2ZyB4bWxucz0iaHR0cDovL3d3dy53My5vcmcvMjAwMC9zdmciIHdpZHRoPSIyNTAiIGhlaWdodD0iMTEwIiB2aWV3Qm94PSIwIDAgMjUwIDExMCI+PHJlY3Qgd2lkdGg9IjEwMCUiIGhlaWdodD0iMTAwJSIgc3R5bGU9ImZpbGw6I2NmZDRkYjtmaWxsLW9wYWNpdHk6IDAuMTsiLz48L3N2Zz4=","<img width=""250"" height=""110"" src=""https://www.chathamdockside.co.uk/wp-content/uploads/2018/12/the-works.jpg"" class=""attachment-medium size-medium wp-post-image"" alt="""" decoding=""async"" />","The Works","09:00 - 18:00 today					()","https://www.chathamdockside.co.uk/stores/#brand__times-294","Monday: 09:00 - 18:00","Tuesday: 09:00 - 18:00","Wednesday: 09:00 - 18:00","Thursday: 09:00 - 19:00","Friday: 09:00 - 19:00","Saturday: 09:00 - 18:00","Sunday: 11:00 - 17:00","01634 893 389","tel:01634 893 389","View website","https://www.theworks.co.uk/"
"data:image/svg+xml;base64,PHN2ZyB4bWxucz0iaHR0cDovL3d3dy53My5vcmcvMjAwMC9zdmciIHdpZHRoPSIxNTEiIGhlaWdodD0iNDQiIHZpZXdCb3g9IjAgMCAxNTEgNDQiPjxyZWN0IHdpZHRoPSIxMDAlIiBoZWlnaHQ9IjEwMCUiIHN0eWxlPSJmaWxsOiNjZmQ0ZGI7ZmlsbC1vcGFjaXR5OiAwLjE7Ii8+PC9zdmc+","<img width=""151"" height=""44"" src=""https://www.chathamdockside.co.uk/wp-content/uploads/2022/05/image001-1.jpg"" class=""attachment-medium size-medium wp-post-image"" alt="""" decoding=""async"" />","Top Gift","10:00 - 18:00 today					()","https://www.chathamdockside.co.uk/stores/#brand__times-19851","Monday: 10:00 - 18:00","Tuesday: 10:00 - 18:00","Wednesday: 10:00 - 18:00","Thursday: 10:00 - 19:00","Friday: 10:00 - 19:00","Saturday: 9:00 - 19:00","Sunday: 11:00 - 17:00","02085740220","tel:02085740220","View website","http://www.top-gift.co.uk/"
"data:image/svg+xml;base64,PHN2ZyB4bWxucz0iaHR0cDovL3d3dy53My5vcmcvMjAwMC9zdmciIHdpZHRoPSIyNTAiIGhlaWdodD0iOTciIHZpZXdCb3g9IjAgMCAyNTAgOTciPjxyZWN0IHdpZHRoPSIxMDAlIiBoZWlnaHQ9IjEwMCUiIHN0eWxlPSJmaWxsOiNjZmQ0ZGI7ZmlsbC1vcGFjaXR5OiAwLjE7Ii8+PC9zdmc+","<img width=""250"" height=""97"" src=""https://www.chathamdockside.co.uk/wp-content/uploads/2018/12/trespass.jpg"" class=""attachment-medium size-medium wp-post-image"" alt="""" decoding=""async"" />","Trespass","10:00 - 18:00 today					()","https://www.chathamdockside.co.uk/stores/#brand__times-276","Monday: 10:00 - 18:00","Tuesday: 10:00 - 18:00","Wednesday: 10:00 - 18:00","Thursday: 10:00 - 19:00","Friday: 10:00 - 19:00","Saturday: 10:00 - 18:00","Sunday: 11:00 - 17:00","01634 892 038","tel:01634 892 038","View website","https://www.trespass.com/"